xcl,ycl,xlt,ylt,xtt,ytt
10.000000,0.000000,9.750000,0.000000,10.250000,0.000000
9.998026,0.198692,9.748075,0.193725,10.247977,0.203659
9.992105,0.397305,10.672330,0.405855,9.311865,0.388755
